{
  "version": 1,
  "author": "Francesc Rocher",
  "editor": "wokwi",
  "parts": [
    { "type": "wokwi-breadboard-half", "id": "bb2", "top": -31.8, "left": 194.8, "attrs": {} },
    {
      "type": "board-pi-pico-w",
      "id": "pico",
      "top": -27.35,
      "left": 267.95,
      "rotate": 270,
      "attrs": {}
    },
    { "type": "board-ds18b20", "id": "temp1", "top": -97.13, "left": 397.68, "attrs": {} },
    {
      "type": "wokwi-resistor",
      "id": "r1",
      "top": 129.6,
      "left": 469.85,
      "rotate": 90,
      "attrs": { "value": "500" }
    },
    {
      "type": "wokwi-led",
      "id": "led1",
      "top": 44.4,
      "left": 455.4,
      "attrs": { "color": "blue", "flip": "1" }
    },
    {
      "type": "wokwi-resistor",
      "id": "r2",
      "top": 129.6,
      "left": 412.25,
      "rotate": 90,
      "attrs": { "value": "500" }
    },
    {
      "type": "wokwi-led",
      "id": "led2",
      "top": 44.4,
      "left": 474.6,
      "attrs": { "color": "green", "flip": "1" }
    },
    {
      "type": "wokwi-led",
      "id": "led4",
      "top": 44.4,
      "left": 417,
      "attrs": { "color": "red", "flip": "1" }
    },
    {
      "type": "wokwi-led",
      "id": "led3",
      "top": 44.4,
      "left": 436.2,
      "attrs": { "color": "yellow", "flip": "1" }
    },
    {
      "type": "wokwi-resistor",
      "id": "r5",
      "top": 120,
      "left": 383.45,
      "rotate": 90,
      "attrs": { "value": "47000" }
    },
    {
      "type": "wokwi-resistor",
      "id": "r6",
      "top": 129.6,
      "left": 450.65,
      "rotate": 90,
      "attrs": { "value": "500" }
    },
    {
      "type": "wokwi-resistor",
      "id": "r7",
      "top": 129.6,
      "left": 431.45,
      "rotate": 90,
      "attrs": { "value": "500" }
    },
    {
      "type": "wokwi-dht22",
      "id": "dht1",
      "top": -162.9,
      "left": 253.8,
      "attrs": { "humidity": "86.5", "temperature": "19.7" }
    },
    { "type": "board-ds18b20", "id": "temp2", "top": -97.13, "left": 436.08, "attrs": {} },
    { "type": "board-ds18b20", "id": "temp3", "top": -97.13, "left": 474.48, "attrs": {} },
    {
      "type": "wokwi-text",
      "id": "text1",
      "top": -124.8,
      "left": 393.6,
      "attrs": { "text": "Fins a tres sensors DS18B20" }
    },
    { "type": "wokwi-dht22", "id": "dht2", "top": -162.9, "left": 321, "attrs": {} },
    {
      "type": "wokwi-text",
      "id": "text2",
      "top": -163.2,
      "left": 374.4,
      "attrs": { "text": "2n DHT22 Opcional" }
    },
    {
      "type": "wokwi-text",
      "id": "text3",
      "top": -38.4,
      "left": 518.4,
      "attrs": { "text": "3V3" }
    },
    {
      "type": "wokwi-text",
      "id": "text4",
      "top": 134.4,
      "left": 518.4,
      "attrs": { "text": "5V" }
    }
  ],
  "connections": [
    [ "pico:GP0", "$serialMonitor:RX", "", [] ],
    [ "pico:GP1", "$serialMonitor:TX", "", [] ],
    [ "bb2:3t.a", "bb2:tn.2", "black", [ "v0" ] ],
    [ "bb2:5t.a", "bb2:tp.4", "red", [ "v0" ] ],
    [ "bb2:21b.f", "bb2:21t.e", "magenta", [ "v0" ] ],
    [ "temp1:GND", "bb2:tn.16", "black", [ "v0" ] ],
    [ "temp1:VCC", "bb2:tp.18", "red", [ "v0" ] ],
    [ "bb2:7t.a", "dht1:SDA", "green", [ "v0" ] ],
    [ "bb2:tp.5", "dht1:VCC", "red", [ "v0" ] ],
    [ "bb2:21t.a", "temp1:DQ", "magenta", [ "v0" ] ],
    [ "bb2:17b.j", "bb2:21t.d", "magenta", [ "v57.6", "h48", "v-134.4" ] ],
    [ "bb2:23b.h", "bb2:16b.j", "red", [ "v86.4", "h-67.2" ] ],
    [ "bb2:25b.h", "bb2:15b.j", "yellow", [ "v96", "h-96" ] ],
    [ "bb2:27b.h", "bb2:14b.j", "blue", [ "v105.6", "h-124.8" ] ],
    [ "bb2:29b.h", "bb2:12b.j", "green", [ "v115.2", "h-163.2" ] ],
    [ "temp2:DQ", "bb2:21t.b", "magenta", [ "v0" ] ],
    [ "temp2:GND", "bb2:tn.20", "black", [ "v0" ] ],
    [ "temp2:VCC", "bb2:tp.21", "red", [ "v0" ] ],
    [ "temp3:VCC", "bb2:tp.25", "red", [ "v0" ] ],
    [ "temp3:GND", "bb2:tn.23", "black", [ "v0" ] ],
    [ "temp3:DQ", "bb2:21t.c", "magenta", [ "v0" ] ],
    [ "bb2:3b.j", "bb2:bn.2", "black", [ "v0" ] ],
    [ "dht1:GND", "bb2:tn.7", "black", [ "v0" ] ],
    [ "dht2:GND", "bb2:tn.13", "black", [ "v0" ] ],
    [ "dht2:VCC", "bb2:tp.10", "red", [ "v0" ] ],
    [ "bb2:14t.a", "dht2:SDA", "green", [ "v0" ] ],
    [ "pico:GP0", "bb2:1b.h", "", [ "$bb" ] ],
    [ "pico:GP1", "bb2:2b.h", "", [ "$bb" ] ],
    [ "pico:GND.1", "bb2:3b.h", "", [ "$bb" ] ],
    [ "pico:GP2", "bb2:4b.h", "", [ "$bb" ] ],
    [ "pico:GP3", "bb2:5b.h", "", [ "$bb" ] ],
    [ "pico:GP4", "bb2:6b.h", "", [ "$bb" ] ],
    [ "pico:GP5", "bb2:7b.h", "", [ "$bb" ] ],
    [ "pico:GND.2", "bb2:8b.h", "", [ "$bb" ] ],
    [ "pico:GP6", "bb2:9b.h", "", [ "$bb" ] ],
    [ "pico:GP7", "bb2:10b.h", "", [ "$bb" ] ],
    [ "pico:GP8", "bb2:11b.h", "", [ "$bb" ] ],
    [ "pico:GP9", "bb2:12b.h", "", [ "$bb" ] ],
    [ "pico:GND.3", "bb2:13b.h", "", [ "$bb" ] ],
    [ "pico:GP10", "bb2:14b.h", "", [ "$bb" ] ],
    [ "pico:GP11", "bb2:15b.h", "", [ "$bb" ] ],
    [ "pico:GP12", "bb2:16b.h", "", [ "$bb" ] ],
    [ "pico:GP13", "bb2:17b.h", "", [ "$bb" ] ],
    [ "pico:GND.4", "bb2:18b.h", "", [ "$bb" ] ],
    [ "pico:GP14", "bb2:19b.h", "", [ "$bb" ] ],
    [ "pico:GP15", "bb2:20b.h", "", [ "$bb" ] ],
    [ "pico:GP16", "bb2:20t.c", "", [ "$bb" ] ],
    [ "pico:GP17", "bb2:19t.c", "", [ "$bb" ] ],
    [ "pico:GND.5", "bb2:18t.c", "", [ "$bb" ] ],
    [ "pico:GP18", "bb2:17t.c", "", [ "$bb" ] ],
    [ "pico:GP19", "bb2:16t.c", "", [ "$bb" ] ],
    [ "pico:GP20", "bb2:15t.c", "", [ "$bb" ] ],
    [ "pico:GP21", "bb2:14t.c", "", [ "$bb" ] ],
    [ "pico:GND.6", "bb2:13t.c", "", [ "$bb" ] ],
    [ "pico:GP22", "bb2:12t.c", "", [ "$bb" ] ],
    [ "pico:RUN", "bb2:11t.c", "", [ "$bb" ] ],
    [ "pico:GP26", "bb2:10t.c", "", [ "$bb" ] ],
    [ "pico:GP27", "bb2:9t.c", "", [ "$bb" ] ],
    [ "pico:GND.7", "bb2:8t.c", "", [ "$bb" ] ],
    [ "pico:GP28", "bb2:7t.c", "", [ "$bb" ] ],
    [ "pico:ADC_VREF", "bb2:6t.c", "", [ "$bb" ] ],
    [ "pico:3V3", "bb2:5t.c", "", [ "$bb" ] ],
    [ "pico:3V3_EN", "bb2:4t.c", "", [ "$bb" ] ],
    [ "pico:GND.8", "bb2:3t.c", "", [ "$bb" ] ],
    [ "pico:VSYS", "bb2:2t.c", "", [ "$bb" ] ],
    [ "pico:VBUS", "bb2:1t.c", "", [ "$bb" ] ],
    [ "r5:1", "bb2:21b.g", "", [ "$bb" ] ],
    [ "r5:2", "bb2:bp.17", "", [ "$bb" ] ],
    [ "r6:1", "bb2:28b.h", "", [ "$bb" ] ],
    [ "r6:2", "bb2:bn.23", "", [ "$bb" ] ],
    [ "r7:1", "bb2:26b.h", "", [ "$bb" ] ],
    [ "r7:2", "bb2:bn.21", "", [ "$bb" ] ],
    [ "r2:1", "bb2:24b.h", "", [ "$bb" ] ],
    [ "r2:2", "bb2:bn.20", "", [ "$bb" ] ],
    [ "r1:1", "bb2:30b.h", "", [ "$bb" ] ],
    [ "r1:2", "bb2:bn.25", "", [ "$bb" ] ],
    [ "led4:A", "bb2:23b.f", "", [ "$bb" ] ],
    [ "led4:C", "bb2:24b.f", "", [ "$bb" ] ],
    [ "led3:A", "bb2:25b.f", "", [ "$bb" ] ],
    [ "led3:C", "bb2:26b.f", "", [ "$bb" ] ],
    [ "led1:A", "bb2:27b.f", "", [ "$bb" ] ],
    [ "led1:C", "bb2:28b.f", "", [ "$bb" ] ],
    [ "led2:A", "bb2:29b.f", "", [ "$bb" ] ],
    [ "led2:C", "bb2:30b.f", "", [ "$bb" ] ],
    [ "bb2:2t.a", "bb2:bp.1", "red", [ "v-9.6", "h-28.8", "v144.9" ] ]
  ],
  "dependencies": {}
}